<?xml version="1.0" encoding="UTF-8"?>
<!DOCTYPE mapper
  PUBLIC "-//mybatis.org//DTD Mapper 3.0//EN"
  "http://mybatis.org/dtd/mybatis-3-mapper.dtd">
<mapper namespace="member">

	<insert id="joinIn" parameterType="memvo">
		insert into mem values (#{mem_acc_id}, #{mem_pwd}, #{mem_nick}, #{mem_email})
	</insert>
	
	<select id="idchk" resultType="_int">
		select count(*) from mem where mem_acc_id = #{mem_acc_id, jdbcType=VARCHAR}
	</select>
	
	<select id="myInfo" resultType="memvo">
	select  mem_acc_id, mem_pwd, mem_nick, mem_email
		from mem 
		where mem_acc_id = #{memId, jdbcType=VARCHAR}
	</select>
	
	   <!-- 회원정보수정 -->
   <update id="updateMember" parameterType="memvo">
      UPDATE MEM SET
      	mem_pwd = #{mem_pwd},
      	mem_nick = #{mem_nick},
      	mem_email = #{mem_email}
      WHERE mem_acc_id=#{mem_acc_id}
   </update>


   <!-- 회원탈퇴 -->
   <update id="memberDelete" parameterType="memvo">
      DELETE FROM MEM 
      WHERE mem_acc_id=#{mem_acc_id}
   </update>
</mapper>